Price,Adj Close,Adj Close,Adj Close,Close,Close,Close,High,High,High,Low,Low,Low,Open,Open,Open,Volume,Volume,Volume
Ticker,AAL,DAL,UAL,AAL,DAL,UAL,AAL,DAL,UAL,AAL,DAL,UAL,AAL,DAL,UAL,AAL,DAL,UAL
Date,,,,,,,,,,,,,,,,,,
2024-02-28,15.460000038146973,41.560245513916016,44.7599983215332,15.460000038146973,42.0099983215332,44.7599983215332,15.579999923706055,42.119998931884766,45.130001068115234,15.3100004196167,41.5,44.400001525878906,15.359999656677246,41.52000045776367,44.43000030517578,18194600,7376400,6146200
2024-02-29,15.680000305175781,41.81746292114258,45.4900016784668,15.680000305175781,42.27000045776367,45.4900016784668,15.789999961853027,42.70000076293945,45.66999816894531,15.449999809265137,41.9900016784668,44.93000030517578,15.550000190734863,42.16999816894531,45.0,33255900,10294100,6997000
2024-03-01,15.65999984741211,41.70864486694336,44.84000015258789,15.65999984741211,42.15999984741211,44.84000015258789,15.699999809265137,42.33000183105469,45.72999954223633,15.369999885559082,41.529998779296875,44.380001068115234,15.699999809265137,42.20000076293945,45.61000061035156,25740800,5331100,7286700
2024-03-04,14.8100004196167,41.124961853027344,44.13999938964844,14.8100004196167,41.56999969482422,44.13999938964844,16.149999618530273,42.459999084472656,45.18000030517578,14.8100004196167,41.209999084472656,43.630001068115234,15.699999809265137,41.88999938964844,44.59000015258789,65053000,8206500,10628800
2024-03-05,14.670000076293945,41.35249328613281,43.7400016784668,14.670000076293945,41.79999923706055,43.7400016784668,14.770000457763672,41.869998931884766,44.029998779296875,14.289999961853027,41.16999816894531,43.40999984741211,14.75,41.25,43.72999954223633,43648000,7123200,6078300
2024-03-06,14.880000114440918,41.57014465332031,44.06999969482422,14.880000114440918,42.02000045776367,44.06999969482422,14.979999542236328,42.2599983215332,44.83000183105469,14.619999885559082,41.72999954223633,43.81999969482422,14.800000190734863,41.97999954223633,44.099998474121094,31408700,6435500,5927700
2024-03-07,14.899999618530273,42.32200622558594,44.119998931884766,14.899999618530273,42.779998779296875,44.119998931884766,15.0,43.2400016784668,44.720001220703125,14.8100004196167,42.13999938964844,44.02000045776367,14.850000381469727,42.20000076293945,44.09000015258789,23657300,9519200,5597200
2024-03-08,14.680000305175781,41.78778839111328,43.29999923706055,14.680000305175781,42.2400016784668,43.29999923706055,15.149999618530273,43.27000045776367,44.5099983215332,14.65999984741211,42.09000015258789,43.22999954223633,14.9399995803833,42.83000183105469,44.11000061035156,28441000,8220700,7726700
2024-03-11,14.649999618530273,42.22307586669922,42.88999938964844,14.649999618530273,42.68000030517578,42.88999938964844,14.670000076293945,42.70000076293945,43.06999969482422,14.420000076293945,41.95000076293945,42.529998779296875,14.600000381469727,42.060001373291016,42.83000183105469,23617200,8031400,7371000
2024-03-12,13.960000038146973,42.302215576171875,42.16999816894531,13.960000038146973,42.7599983215332,42.16999816894531,14.380000114440918,42.7599983215332,42.79999923706055,13.800000190734863,41.61000061035156,40.83000183105469,14.1899995803833,42.25,42.66999816894531,48594900,15141900,12149800
2024-03-13,14.0,43.43990707397461,43.040000915527344,14.0,43.90999984741211,43.040000915527344,14.180000305175781,44.470001220703125,43.33000183105469,13.859999656677246,42.630001068115234,41.86000061035156,13.920000076293945,42.68000030517578,41.90999984741211,26375200,12386600,7885400
2024-03-14,13.989999771118164,42.5990104675293,42.849998474121094,13.989999771118164,43.060001373291016,42.849998474121094,14.029999732971191,43.90999984741211,43.0,13.779999732971191,42.77000045776367,41.9900016784668,13.960000038146973,43.810001373291016,42.90999984741211,24683800,9658300,7293500
2024-03-15,13.960000038146973,42.658363342285156,43.619998931884766,13.960000038146973,43.119998931884766,43.619998931884766,14.15999984741211,43.4900016784668,43.689998626708984,13.880000114440918,42.959999084472656,42.779998779296875,13.960000038146973,42.97999954223633,42.79999923706055,21095400,8025700,9149300
2024-03-18,14.109999656677246,42.974937438964844,43.54999923706055,14.109999656677246,43.439998626708984,43.54999923706055,14.170000076293945,43.650001525878906,43.709999084472656,13.859999656677246,42.619998931884766,42.5,13.979999542236328,43.33000183105469,43.619998931884766,23693800,8313200,5685400
2024-03-19,13.930000305175781,43.271728515625,43.90999984741211,13.930000305175781,43.7400016784668,43.90999984741211,14.109999656677246,43.790000915527344,44.060001373291016,13.899999618530273,43.220001220703125,43.33000183105469,14.079999923706055,43.369998931884766,43.630001068115234,19305800,5358600,5175500
2024-03-20,14.569999694824219,44.894168853759766,45.97999954223633,14.569999694824219,45.380001068115234,45.97999954223633,14.579999923706055,45.45000076293945,45.9900016784668,13.920000076293945,43.619998931884766,43.40999984741211,13.960000038146973,43.959999084472656,43.63999938964844,33974600,9632600,8628300
2024-03-21,14.779999732971191,45.50753402709961,46.630001068115234,14.779999732971191,46.0,46.630001068115234,14.819999694824219,46.04999923706055,46.689998626708984,14.600000381469727,45.209999084472656,45.93000030517578,14.619999885559082,45.5,46.11000061035156,25527600,9868900,5582800
2024-03-22,14.819999694824219,45.101924896240234,46.470001220703125,14.819999694824219,45.59000015258789,46.470001220703125,14.880000114440918,46.150001525878906,46.790000915527344,14.649999618530273,45.58000183105469,46.13999938964844,14.710000038146973,46.0,46.5099983215332,16146800,6664600,4989300
2024-03-25,14.920000076293945,44.933738708496094,44.88999938964844,14.920000076293945,45.41999816894531,44.88999938964844,14.930000305175781,45.59000015258789,45.11000061035156,14.630000114440918,44.56999969482422,43.540000915527344,14.6899995803833,45.47999954223633,45.04999923706055,21392400,8827000,13422400
2024-03-26,14.920000076293945,45.43827819824219,45.41999816894531,14.920000076293945,45.93000030517578,45.41999816894531,15.119999885559082,46.119998931884766,45.900001525878906,14.899999618530273,45.439998626708984,44.849998474121094,14.989999771118164,45.58000183105469,45.029998779296875,20898500,7468400,8598600
2024-03-27,15.300000190734863,46.80350875854492,47.2400016784668,15.300000190734863,47.310001373291016,47.2400016784668,15.300000190734863,47.5,47.47999954223633,14.899999618530273,46.04999923706055,45.619998931884766,15.0,46.209999084472656,45.689998626708984,24789300,10201400,10931200
2024-03-28,15.350000381469727,47.357513427734375,47.880001068115234,15.350000381469727,47.869998931884766,47.880001068115234,15.5,48.060001373291016,48.0,15.130000114440918,47.25,47.11000061035156,15.279999732971191,47.29999923706055,47.18000030517578,36396000,13599400,7587800
2024-04-01,15.40999984741211,47.70376968383789,47.349998474121094,15.40999984741211,48.220001220703125,47.349998474121094,15.609999656677246,49.20000076293945,48.72999954223633,15.319999694824219,48.209999084472656,47.31999969482422,15.420000076293945,48.5,48.0,23249600,13772800,8572500
2024-04-02,14.399999618530273,46.39789581298828,45.650001525878906,14.399999618530273,46.900001525878906,45.650001525878906,15.109999656677246,47.43000030517578,46.54999923706055,14.359999656677246,46.400001525878906,45.290000915527344,15.0600004196167,47.31999969482422,46.54999923706055,34155400,9990900,8149900
2024-04-03,14.15999984741211,46.07142639160156,44.619998931884766,14.15999984741211,46.56999969482422,44.619998931884766,14.479999542236328,47.470001220703125,46.2400016784668,14.050000190734863,46.5,44.369998931884766,14.300000190734863,46.790000915527344,45.5,33357700,11209100,8664500
2024-04-04,13.829999923706055,45.38882064819336,43.220001220703125,13.829999923706055,45.880001068115234,43.220001220703125,14.350000381469727,48.06999969482422,45.75,13.760000228881836,45.65999984741211,43.18000030517578,14.239999771118164,47.220001220703125,44.97999954223633,47483600,10628300,9353700
2024-04-05,13.760000228881836,45.56689453125,43.189998626708984,13.760000228881836,46.060001373291016,43.189998626708984,13.9399995803833,46.459999084472656,43.5,13.699999809265137,45.45000076293945,42.7599983215332,13.829999923706055,45.9900016784668,43.220001220703125,30612400,7604200,7502100
2024-04-08,13.899999618530273,46.50672149658203,43.310001373291016,13.899999618530273,47.0099983215332,43.310001373291016,14.079999923706055,47.38999938964844,43.880001068115234,13.739999771118164,46.29999923706055,42.599998474121094,13.819999694824219,46.31999969482422,42.720001220703125,28521000,9977500,7893100
2024-04-09,13.949999809265137,46.81340026855469,43.439998626708984,13.949999809265137,47.31999969482422,43.439998626708984,14.069999694824219,47.4900016784668,43.72999954223633,13.880000114440918,46.43000030517578,42.970001220703125,13.960000038146973,47.150001525878906,43.43000030517578,27841900,13378200,6344800
2024-04-10,13.40999984741211,45.744964599609375,42.369998931884766,13.40999984741211,46.2400016784668,42.369998931884766,14.149999618530273,49.2400016784668,44.75,13.300000190734863,45.720001220703125,41.7599983215332,14.010000228881836,47.849998474121094,44.2599983215332,49024100,34952500,13796500
2024-04-11,13.619999885559082,47.12008285522461,43.040000915527344,13.619999885559082,47.630001068115234,43.040000915527344,13.720000267028809,47.880001068115234,43.11000061035156,13.300000190734863,46.58000183105469,42.040000915527344,13.4399995803833,46.7400016784668,42.29999923706055,27814200,14073300,8288400
2024-04-12,13.149999618530273,46.35832595825195,41.79999923706055,13.149999618530273,46.86000061035156,41.79999923706055,13.300000190734863,46.95000076293945,42.130001068115234,13.020000457763672,46.09000015258789,41.08000183105469,13.239999771118164,46.790000915527344,42.099998474121094,35529200,16604500,11107700
2024-04-15,12.9399995803833,46.150577545166016,41.040000915527344,12.9399995803833,46.650001525878906,41.040000915527344,13.470000267028809,47.81999969482422,42.83000183105469,12.899999618530273,46.290000915527344,40.84000015258789,13.279999732971191,47.27000045776367,42.150001525878906,27451700,12122000,10452100
2024-04-16,13.029999732971191,46.05164337158203,41.5,13.029999732971191,46.54999923706055,41.5,13.140000343322754,46.77000045776367,41.720001220703125,12.720000267028809,45.63999938964844,40.099998474121094,12.949999809265137,46.599998474121094,40.79999923706055,26477200,11692900,18510900
2024-04-17,13.890000343322754,47.367408752441406,48.7400016784668,13.890000343322754,47.880001068115234,48.7400016784668,13.970000267028809,48.189998626708984,49.13999938964844,13.380000114440918,47.150001525878906,44.11000061035156,13.449999809265137,47.720001220703125,44.45000076293945,52414800,13841600,67541300
2024-04-18,14.020000457763672,47.33772659301758,51.41999816894531,14.020000457763672,47.849998474121094,51.41999816894531,14.34000015258789,49.209999084472656,51.880001068115234,13.960000038146973,47.810001373291016,49.20000076293945,14.039999961853027,48.0,49.220001220703125,34966400,12255100,38676000
2024-04-19,14.109999656677246,47.060726165771484,51.380001068115234,14.109999656677246,47.56999969482422,51.380001068115234,14.279999732971191,48.75,53.099998474121094,13.859999656677246,47.5,50.900001525878906,13.880000114440918,47.79999923706055,51.189998626708984,27421700,9249800,16351200
2024-04-22,14.529999732971191,48.495201110839844,53.939998626708984,14.529999732971191,49.02000045776367,53.939998626708984,14.680000305175781,49.18000030517578,54.150001525878906,14.180000305175781,47.79999923706055,51.529998779296875,14.279999732971191,47.79999923706055,51.86000061035156,27763800,10442100,16424900
2024-04-23,14.229999542236328,48.70294952392578,54.029998779296875,14.229999542236328,49.22999954223633,54.029998779296875,14.4399995803833,49.619998931884766,54.66999816894531,13.880000114440918,48.20000076293945,52.810001373291016,13.960000038146973,48.41999816894531,53.099998474121094,40237300,10669300,12733100
2024-04-24,13.920000076293945,47.426761627197266,52.66999816894531,13.920000076293945,47.939998626708984,52.66999816894531,14.329999923706055,49.27000045776367,53.95000076293945,13.819999694824219,47.7400016784668,52.11000061035156,14.220000267028809,49.20000076293945,53.689998626708984,41035100,10329500,10034300
2024-04-25,14.130000114440918,49.34599304199219,53.5099983215332,14.130000114440918,49.880001068115234,53.5099983215332,14.279999732971191,49.939998626708984,53.84000015258789,13.449999809265137,46.869998931884766,51.31999969482422,14.210000038146973,47.290000915527344,52.279998779296875,58363000,12946800,8895500
2024-04-26,13.880000114440918,49.38556671142578,52.84000015258789,13.880000114440918,49.91999816894531,52.84000015258789,14.09000015258789,50.2400016784668,53.5099983215332,13.640000343322754,49.18000030517578,52.290000915527344,14.069999694824219,49.7599983215332,53.06999969482422,36527800,9983000,6905800
2024-04-29,13.979999542236328,49.909889221191406,52.970001220703125,13.979999542236328,50.45000076293945,52.970001220703125,14.020000457763672,50.7400016784668,53.130001068115234,13.729999542236328,49.75,52.15999984741211,13.850000381469727,49.83000183105469,52.79999923706055,28817400,9601300,5509100
2024-04-30,13.510000228881836,49.533958435058594,51.459999084472656,13.510000228881836,50.06999969482422,51.459999084472656,13.930000305175781,50.72999954223633,52.68000030517578,13.5,49.77000045776367,51.40999984741211,13.850000381469727,49.84000015258789,52.41999816894531,25788900,11063500,7313200
2024-05-01,13.579999923706055,49.4844970703125,50.66999816894531,13.579999923706055,50.02000045776367,50.66999816894531,13.8100004196167,50.5,51.5099983215332,13.329999923706055,49.279998779296875,49.72999954223633,13.5,50.040000915527344,51.400001525878906,28428300,10368700,9732300
2024-05-02,13.859999656677246,50.48367691040039,51.68000030517578,13.859999656677246,51.029998779296875,51.68000030517578,13.899999618530273,51.189998626708984,51.81999969482422,13.6899995803833,50.2400016784668,50.91999816894531,13.779999732971191,50.59000015258789,51.38999938964844,24191500,8196100,7455900
2024-05-03,13.850000381469727,50.998111724853516,51.650001525878906,13.850000381469727,51.54999923706055,51.650001525878906,14.069999694824219,51.650001525878906,52.75,13.720000267028809,50.81999969482422,51.22999954223633,14.0,51.36000061035156,52.0,22056600,9165900,7315500
2024-05-06,14.649999618530273,52.36334228515625,53.970001220703125,14.649999618530273,52.93000030517578,53.970001220703125,14.75,53.0,54.060001373291016,13.920000076293945,51.68000030517578,51.70000076293945,13.920000076293945,51.959999084472656,51.93000030517578,46744300,8541200,8713600
2024-05-07,14.25,51.64115905761719,52.689998626708984,14.25,52.20000076293945,52.689998626708984,14.630000114440918,52.529998779296875,53.349998474121094,14.140000343322754,52.0099983215332,52.56999969482422,14.539999961853027,52.13999938964844,53.29999923706055,25770500,6583900,6193500
2024-05-08,14.420000076293945,51.720298767089844,53.02000045776367,14.420000076293945,52.279998779296875,53.02000045776367,14.520000457763672,52.75,53.5,14.180000305175781,51.959999084472656,52.630001068115234,14.260000228881836,52.15999984741211,53.119998931884766,22832400,5125500,4853200
2024-05-09,14.479999542236328,52.18526840209961,52.630001068115234,14.479999542236328,52.75,52.630001068115234,14.630000114440918,52.900001525878906,53.16999816894531,14.319999694824219,52.02000045776367,52.58000183105469,14.359999656677246,52.130001068115234,52.959999084472656,23590200,4601700,3540700
2024-05-10,14.399999618530273,52.03687286376953,52.720001220703125,14.399999618530273,52.599998474121094,52.720001220703125,14.609999656677246,53.150001525878906,53.369998931884766,14.319999694824219,52.15999984741211,52.459999084472656,14.539999961853027,52.95000076293945,52.97999954223633,16180700,6118900,3534100
2024-05-13,14.930000305175781,52.522552490234375,54.400001525878906,14.930000305175781,52.9900016784668,54.400001525878906,15.069999694824219,53.86000061035156,54.68000030517578,14.520000457763672,52.79999923706055,53.20000076293945,14.539999961853027,52.959999084472656,53.22999954223633,33380100,7137400,7634000
2024-05-14,15.1899995803833,52.5919303894043,55.09000015258789,15.1899995803833,53.060001373291016,55.09000015258789,15.359999656677246,53.5099983215332,55.220001220703125,15.069999694824219,52.939998626708984,54.79999923706055,15.09000015258789,53.43000030517578,54.79999923706055,27970400,5549600,7655000
2024-05-15,14.9399995803833,52.790164947509766,54.959999084472656,14.9399995803833,53.2599983215332,54.959999084472656,15.25,53.529998779296875,55.38999938964844,14.90999984741211,53.0,54.83000183105469,15.199999809265137,53.31999969482422,55.380001068115234,25983600,5655300,7519500
2024-05-16,14.789999961853027,52.046783447265625,54.779998779296875,14.789999961853027,52.5099983215332,54.779998779296875,15.079999923706055,53.47999954223633,56.18000030517578,14.65999984741211,52.470001220703125,54.650001525878906,15.0,53.33000183105469,55.43000030517578,22652500,4801100,6892400
2024-05-17,14.729999542236328,52.235111236572266,54.970001220703125,14.729999542236328,52.70000076293945,54.970001220703125,14.989999771118164,53.209999084472656,55.84000015258789,14.720000267028809,52.43000030517578,54.84000015258789,14.850000381469727,52.529998779296875,55.150001525878906,18472100,4535300,7157900
2024-05-20,14.520000457763672,52.522552490234375,54.619998931884766,14.520000457763672,52.9900016784668,54.619998931884766,14.779999732971191,53.2400016784668,55.27000045776367,14.420000076293945,52.54999923706055,54.560001373291016,14.770000457763672,52.56999969482422,54.9900016784668,26818800,4470500,5517500
2024-05-21,14.029999732971191,51.769256591796875,53.029998779296875,14.029999732971191,52.22999954223633,53.029998779296875,14.489999771118164,52.880001068115234,54.599998474121094,14.010000228881836,52.02000045776367,52.95000076293945,14.430000305175781,52.709999084472656,54.439998626708984,22692900,6094900,6767400
2024-05-22,14.100000381469727,51.1249885559082,52.41999816894531,14.100000381469727,51.58000183105469,52.41999816894531,14.25,52.400001525878906,53.400001525878906,14.010000228881836,51.13999938964844,52.209999084472656,14.069999694824219,52.209999084472656,52.880001068115234,19136400,6309900,4725000
2024-05-23,13.819999694824219,50.74834442138672,51.7599983215332,13.819999694824219,51.20000076293945,51.7599983215332,14.140000343322754,51.720001220703125,52.68000030517578,13.720000267028809,50.52000045776367,51.400001525878906,14.130000114440918,51.650001525878906,52.630001068115234,29089800,6112500,4764300
2024-05-24,13.84000015258789,51.382694244384766,51.72999954223633,13.84000015258789,51.84000015258789,51.72999954223633,14.029999732971191,51.880001068115234,52.29999923706055,13.65999984741211,51.11000061035156,51.2599983215332,13.869999885559082,51.45000076293945,51.90999984741211,19589300,5196300,3488200
2024-05-28,13.4399995803833,49.836456298828125,50.63999938964844,13.4399995803833,50.279998779296875,50.63999938964844,13.90999984741211,51.7599983215332,51.93000030517578,13.420000076293945,50.20000076293945,50.43000030517578,13.850000381469727,51.709999084472656,51.849998474121094,32710300,6060800,4741600
2024-05-29,11.619999885559082,49.459808349609375,51.83000183105469,11.619999885559082,49.900001525878906,51.83000183105469,12.170000076293945,50.0,51.91999816894531,11.3100004196167,48.279998779296875,48.27000045776367,12.15999984741211,48.93000030517578,49.47999954223633,158980400,10796100,12342100
2024-05-30,11.4399995803833,49.6679573059082,51.34000015258789,11.4399995803833,50.11000061035156,51.34000015258789,11.779999732971191,50.150001525878906,52.119998931884766,11.390000343322754,49.38999938964844,51.15999984741211,11.760000228881836,50.0,51.959999084472656,57004600,4911300,5399400
2024-05-31,11.5,50.56993103027344,52.9900016784668,11.5,51.02000045776367,52.9900016784668,11.569999694824219,51.08000183105469,53.11000061035156,11.25,50.220001220703125,51.650001525878906,11.510000228881836,50.400001525878906,51.81999969482422,60868400,7780900,7740900
2024-06-03,11.529999732971191,50.34196090698242,52.720001220703125,11.529999732971191,50.790000915527344,52.720001220703125,11.949999809265137,51.63999938964844,54.599998474121094,11.5,50.459999084472656,52.220001220703125,11.600000381469727,51.45000076293945,53.5,52899000,5403300,8790600
2024-06-04,11.5,49.420162200927734,52.34000015258789,11.5,49.86000061035156,52.34000015258789,11.789999961853027,51.38999938964844,54.02000045776367,11.479999542236328,49.29999923706055,51.72999954223633,11.539999961853027,50.599998474121094,52.63999938964844,39161500,7232200,8538800
2024-06-05,11.619999885559082,50.3716926574707,52.90999984741211,11.619999885559082,50.81999969482422,52.90999984741211,11.770000457763672,51.70000076293945,53.68000030517578,11.449999809265137,49.79999923706055,51.380001068115234,11.510000228881836,50.0,52.11000061035156,34340900,10234100,8902900
2024-06-06,11.430000305175781,49.98513412475586,53.29999923706055,11.430000305175781,50.43000030517578,53.29999923706055,11.729999542236328,51.65999984741211,55.119998931884766,11.319999694824219,50.29999923706055,53.029998779296875,11.579999923706055,51.0,53.310001373291016,35840600,5228700,8653300
2024-06-07,11.5,49.99504089355469,53.0,11.5,50.439998626708984,53.0,11.569999694824219,50.709999084472656,53.34000015258789,11.350000381469727,49.9900016784668,52.61000061035156,11.359999656677246,50.0,52.720001220703125,29411400,4743500,4695400
2024-06-10,11.489999771118164,50.05451583862305,53.029998779296875,11.489999771118164,50.5,53.029998779296875,11.569999694824219,50.869998931884766,53.47999954223633,11.369999885559082,50.0099983215332,52.279998779296875,11.430000305175781,50.29999923706055,52.540000915527344,23421000,3734700,3521200
2024-06-11,11.279999732971191,48.855194091796875,52.04999923706055,11.279999732971191,49.290000915527344,52.04999923706055,11.449999809265137,50.189998626708984,52.84000015258789,11.260000228881836,49.04999923706055,51.849998474121094,11.40999984741211,50.130001068115234,52.65999984741211,25439700,7120800,4621000
2024-06-12,11.5,50.17345428466797,52.93000030517578,11.5,50.619998931884766,52.93000030517578,11.6899995803833,51.189998626708984,54.130001068115234,11.390000343322754,49.79999923706055,52.5,11.399999618530273,49.95000076293945,52.849998474121094,40769700,6810000,7595200
2024-06-13,11.4399995803833,49.72742462158203,52.06999969482422,11.4399995803833,50.16999816894531,52.06999969482422,11.470000267028809,50.5,52.86000061035156,11.220000267028809,49.349998474121094,51.060001373291016,11.449999809265137,50.40999984741211,52.86000061035156,33290000,5250400,5466200
2024-06-14,11.279999732971191,48.29022216796875,49.689998626708984,11.279999732971191,48.720001220703125,49.689998626708984,11.359999656677246,49.630001068115234,51.11000061035156,11.09000015258789,47.41999816894531,48.459999084472656,11.319999694824219,49.52000045776367,50.9900016784668,42272500,12323500,10772400
2024-06-17,11.4399995803833,49.271484375,50.36000061035156,11.4399995803833,49.709999084472656,50.36000061035156,11.489999771118164,49.779998779296875,50.619998931884766,11.210000038146973,48.5,49.400001525878906,11.220000267028809,48.61000061035156,49.68000030517578,30074100,5288500,4999800
2024-06-18,11.279999732971191,49.142635345458984,49.58000183105469,11.279999732971191,49.58000183105469,49.58000183105469,11.5,49.91999816894531,50.66999816894531,11.270000457763672,49.18000030517578,49.45000076293945,11.40999984741211,49.58000183105469,50.31999969482422,18841500,5026600,5051300
2024-06-20,11.239999771118164,49.17237091064453,48.900001525878906,11.239999771118164,49.61000061035156,48.900001525878906,11.3100004196167,49.75,49.97999954223633,11.1899995803833,49.279998779296875,48.70000076293945,11.300000190734863,49.36000061035156,49.38999938964844,21364400,5303100,5801700
2024-06-21,11.199999809265137,48.944400787353516,48.18000030517578,11.199999809265137,49.380001068115234,48.18000030517578,11.34000015258789,49.599998474121094,48.709999084472656,11.109999656677246,48.720001220703125,47.77000045776367,11.220000267028809,49.560001373291016,48.709999084472656,28098100,9399800,11116700
2024-06-24,11.15999984741211,48.9642219543457,49.18000030517578,11.15999984741211,49.400001525878906,49.18000030517578,11.34000015258789,50.369998931884766,49.83000183105469,11.149999618530273,49.34000015258789,48.2599983215332,11.220000267028809,49.41999816894531,48.38999938964844,25666400,6695400,5554500
2024-06-25,11.130000114440918,48.37942886352539,48.52000045776367,11.130000114440918,48.810001373291016,48.52000045776367,11.369999885559082,49.849998474121094,49.849998474121094,11.119999885559082,48.68000030517578,48.5,11.180000305175781,49.54999923706055,49.15999984741211,28547300,7951400,5750500
2024-06-26,11.119999885559082,47.754981994628906,48.06999969482422,11.119999885559082,48.18000030517578,48.06999969482422,11.329999923706055,48.470001220703125,48.59000015258789,10.960000038146973,47.150001525878906,46.75,11.050000190734863,47.900001525878906,47.900001525878906,39848700,10964200,6387300
2024-06-27,11.279999732971191,48.1712760925293,48.20000076293945,11.279999732971191,48.599998474121094,48.20000076293945,11.319999694824219,48.63999938964844,48.529998779296875,11.020000457763672,47.869998931884766,47.45000076293945,11.119999885559082,48.150001525878906,47.95000076293945,23780800,6504900,4649700
2024-06-28,11.329999923706055,47.02151107788086,48.65999984741211,11.329999923706055,47.439998626708984,48.65999984741211,11.359999656677246,48.5,48.880001068115234,11.199999809265137,47.029998779296875,48.02000045776367,11.239999771118164,48.41999816894531,48.25,28121100,11892900,5293900
2024-07-01,11.039999961853027,46.50609588623047,48.33000183105469,11.039999961853027,46.91999816894531,48.33000183105469,11.40999984741211,47.900001525878906,49.15999984741211,11.0,46.7400016784668,47.9900016784668,11.329999923706055,47.810001373291016,48.720001220703125,28624300,9064600,4213100
2024-07-02,11.050000190734863,46.29794692993164,48.20000076293945,11.050000190734863,46.709999084472656,48.20000076293945,11.109999656677246,47.290000915527344,48.4900016784668,10.949999809265137,46.52000045776367,47.810001373291016,11.0600004196167,47.0,48.369998931884766,22487900,6361900,4879300
2024-07-03,11.119999885559082,46.97195053100586,48.5099983215332,11.119999885559082,47.38999938964844,48.5099983215332,11.220000267028809,47.470001220703125,48.81999969482422,11.069999694824219,46.90999984741211,48.099998474121094,11.15999984741211,47.150001525878906,48.43000030517578,16150100,3543200,2875000
2024-07-05,11.039999961853027,45.614036560058594,47.0,11.039999961853027,46.02000045776367,47.0,11.1899995803833,47.150001525878906,48.470001220703125,10.979999542236328,45.959999084472656,46.52000045776367,11.130000114440918,47.150001525878906,48.29999923706055,24396000,9605500,7251900
2024-07-08,10.930000305175781,45.941123962402344,46.81999969482422,10.930000305175781,46.349998474121094,46.81999969482422,11.130000114440918,47.29999923706055,47.72999954223633,10.90999984741211,46.279998779296875,46.709999084472656,11.079999923706055,46.81999969482422,47.560001373291016,32261700,7404000,4774700
2024-07-09,10.979999542236328,46.47636032104492,47.20000076293945,10.979999542236328,46.88999938964844,47.20000076293945,11.09000015258789,47.61000061035156,47.709999084472656,10.869999885559082,46.2599983215332,46.65999984741211,10.960000038146973,46.369998931884766,46.970001220703125,26579300,9369500,4658300
2024-07-10,11.149999618530273,46.446624755859375,47.150001525878906,11.149999618530273,46.86000061035156,47.150001525878906,11.220000267028809,47.290000915527344,47.619998931884766,10.989999771118164,46.47999954223633,46.880001068115234,11.039999961853027,47.130001068115234,47.619998931884766,28502000,11416100,6847900
2024-07-11,10.729999542236328,44.59312438964844,45.63999938964844,10.729999542236328,44.9900016784668,45.63999938964844,10.760000228881836,45.029998779296875,45.720001220703125,10.34000015258789,42.16999816894531,43.72999954223633,10.680000305175781,43.0099983215332,44.75,80291500,33857200,14185500
2024-07-12,10.680000305175781,43.23521041870117,44.720001220703125,10.680000305175781,43.619998931884766,44.720001220703125,10.800000190734863,44.880001068115234,45.79999923706055,10.569999694824219,43.54999923706055,44.54999923706055,10.710000038146973,44.459999084472656,45.38999938964844,33133100,16717000,8991200
2024-07-15,10.630000114440918,42.62067413330078,44.31999969482422,10.630000114440918,43.0,44.31999969482422,10.770000457763672,43.619998931884766,44.9900016784668,10.5600004196167,42.720001220703125,44.119998931884766,10.670000076293945,43.61000061035156,44.709999084472656,28634200,12563800,6330100
2024-07-16,11.1899995803833,45.614036560058594,47.06999969482422,11.1899995803833,46.02000045776367,47.06999969482422,11.239999771118164,46.04999923706055,47.11000061035156,10.649999618530273,43.15999984741211,44.25,10.649999618530273,43.2400016784668,44.25,48708700,15554000,9821100
2024-07-17,11.010000228881836,45.35633087158203,46.939998626708984,11.010000228881836,45.7599983215332,46.939998626708984,11.109999656677246,46.029998779296875,47.540000915527344,10.84000015258789,45.29999923706055,46.540000915527344,10.989999771118164,45.33000183105469,46.7599983215332,32356200,7160500,14554700
2024-07-18,10.619999885559082,44.523738861083984,46.38999938964844,10.619999885559082,44.91999816894531,46.38999938964844,11.09000015258789,46.79999923706055,49.66999816894531,10.609999656677246,44.59000015258789,46.06999969482422,10.960000038146973,45.75,47.90999984741211,46855200,10441500,20945200
2024-07-19,10.579999923706055,45.03915023803711,47.93000030517578,10.579999923706055,45.439998626708984,47.93000030517578,10.649999618530273,45.86000061035156,48.310001373291016,10.430000305175781,44.04999923706055,44.95000076293945,10.630000114440918,44.7400016784668,45.900001525878906,25697300,8789800,9601200
2024-07-22,10.6899995803833,43.443359375,48.189998626708984,10.6899995803833,43.83000183105469,48.189998626708984,10.739999771118164,44.91999816894531,48.7599983215332,10.350000381469727,43.54999923706055,46.630001068115234,10.489999771118164,44.650001525878906,47.2400016784668,38897200,14486000,8876300
2024-07-23,10.479999542236328,43.22529602050781,48.220001220703125,10.479999542236328,43.61000061035156,48.220001220703125,10.739999771118164,44.040000915527344,48.88999938964844,10.470000267028809,43.2400016784668,47.86000061035156,10.630000114440918,43.84000015258789,47.9900016784668,30548000,10772600,6682500
2024-07-24,10.170000076293945,42.56120681762695,46.02000045776367,10.170000076293945,42.939998626708984,46.02000045776367,10.539999961853027,43.900001525878906,48.34000015258789,10.119999885559082,42.810001373291016,45.83000183105469,10.449999809265137,43.47999954223633,48.34000015258789,47312000,7120100,6996100
2024-07-25,10.600000381469727,43.08653259277344,46.720001220703125,10.600000381469727,43.470001220703125,46.720001220703125,10.899999618530273,44.0,47.70000076293945,9.760000228881836,42.5099983215332,45.63999938964844,9.920000076293945,42.7400016784668,45.95000076293945,96280800,9293100,9091300
2024-07-26,10.619999885559082,43.7407112121582,47.369998931884766,10.619999885559082,44.130001068115234,47.369998931884766,10.760000228881836,44.279998779296875,47.4900016784668,10.210000038146973,43.36000061035156,46.38999938964844,10.699999809265137,43.970001220703125,47.459999084472656,45684500,8721400,5867100
2024-07-29,10.430000305175781,42.79909133911133,46.7599983215332,10.430000305175781,43.18000030517578,46.7599983215332,10.720000267028809,44.18000030517578,47.380001068115234,10.369999885559082,43.16999816894531,46.38999938964844,10.5600004196167,44.130001068115234,47.369998931884766,30164500,7832300,5171900
2024-07-30,10.760000228881836,42.998016357421875,46.61000061035156,10.760000228881836,43.22999954223633,46.61000061035156,10.930000305175781,44.09000015258789,47.970001220703125,10.460000038146973,43.09000015258789,46.380001068115234,10.460000038146973,43.400001525878906,47.029998779296875,52969500,6087700,6802200
2024-07-31,10.640000343322754,42.78914260864258,45.41999816894531,10.640000343322754,43.02000045776367,45.41999816894531,11.029999732971191,43.939998626708984,46.869998931884766,10.579999923706055,42.86000061035156,45.11000061035156,10.649999618530273,43.25,46.619998931884766,39205400,7718200,7480500
2024-08-01,10.140000343322754,41.27729797363281,42.380001068115234,10.140000343322754,41.5,42.380001068115234,10.680000305175781,43.380001068115234,45.869998931884766,10.09000015258789,40.970001220703125,42.060001373291016,10.649999618530273,43.31999969482422,45.7599983215332,47149600,9729500,12654200
2024-08-02,9.630000114440918,39.61626052856445,40.189998626708984,9.630000114440918,39.83000183105469,40.189998626708984,9.930000305175781,40.689998626708984,41.599998474121094,9.59000015258789,39.59000015258789,39.77000045776367,9.930000305175781,40.65999984741211,41.529998779296875,48427200,9378300,11832500
2024-08-05,9.279999732971191,37.72645568847656,37.880001068115234,9.279999732971191,37.93000030517578,37.880001068115234,9.59000015258789,38.72999954223633,39.2599983215332,9.069999694824219,37.29999923706055,37.02000045776367,9.100000381469727,37.5099983215332,37.13999938964844,44554500,19882800,11159200
2024-08-06,9.3100004196167,38.0149040222168,38.79999923706055,9.3100004196167,38.220001220703125,38.79999923706055,9.529999732971191,38.90999984741211,39.7400016784668,9.220000267028809,37.630001068115234,38.04999923706055,9.460000038146973,38.22999954223633,38.349998474121094,28905900,7541400,7717900
2024-08-07,9.260000228881836,37.11973190307617,38.7599983215332,9.260000228881836,37.31999969482422,38.7599983215332,9.520000457763672,38.83000183105469,40.41999816894531,9.210000038146973,37.290000915527344,38.650001525878906,9.399999618530273,38.7400016784668,39.52000045776367,29020900,10595700,6100100
2024-08-08,9.890000343322754,39.39744567871094,41.18000030517578,9.890000343322754,39.61000061035156,41.18000030517578,9.90999984741211,39.709999084472656,41.349998474121094,9.350000381469727,37.7599983215332,39.11000061035156,9.350000381469727,37.79999923706055,39.119998931884766,34701800,9297300,6197700
2024-08-09,9.859999656677246,39.08910369873047,41.459999084472656,9.859999656677246,39.29999923706055,41.459999084472656,9.960000038146973,39.75,41.65999984741211,9.720000267028809,38.86000061035156,40.77000045776367,9.890000343322754,39.52000045776367,41.18000030517578,22614800,8279500,5716900
2024-08-12,9.609999656677246,38.85039520263672,40.41999816894531,9.609999656677246,39.060001373291016,40.41999816894531,9.800000190734863,39.209999084472656,41.290000915527344,9.59000015258789,38.810001373291016,40.36000061035156,9.789999961853027,39.0,41.0099983215332,29791200,10284000,6282200
2024-08-13,9.8100004196167,39.28803253173828,40.91999816894531,9.8100004196167,39.5,40.91999816894531,9.819999694824219,39.70000076293945,41.189998626708984,9.5600004196167,39.099998474121094,40.36000061035156,9.640000343322754,39.33000183105469,40.52000045776367,29921900,7616400,4280700
2024-08-14,9.739999771118164,38.48237609863281,40.2400016784668,9.739999771118164,38.689998626708984,40.2400016784668,9.970000267028809,39.869998931884766,41.279998779296875,9.699999809265137,38.650001525878906,40.130001068115234,9.880000114440918,39.7400016784668,41.11000061035156,29574700,5936300,6224400
2024-08-15,10.09000015258789,39.96438217163086,42.65999984741211,10.09000015258789,40.18000030517578,42.65999984741211,10.15999984741211,40.58000183105469,43.22999954223633,9.949999809265137,39.27000045776367,41.220001220703125,9.960000038146973,39.33000183105469,41.29999923706055,32307300,9742600,8669200
2024-08-16,10.050000190734863,39.934547424316406,42.06999969482422,10.050000190734863,40.150001525878906,42.06999969482422,10.140000343322754,40.279998779296875,42.58000183105469,9.970000267028809,39.790000915527344,41.31999969482422,10.020000457763672,40.099998474121094,42.5099983215332,35389700,4633800,6888000
2024-08-19,10.3100004196167,40.252830505371094,42.349998474121094,10.3100004196167,40.470001220703125,42.349998474121094,10.380000114440918,40.599998474121094,42.630001068115234,10.119999885559082,40.0099983215332,41.95000076293945,10.149999618530273,40.22999954223633,42.45000076293945,30380100,5246900,4494700
2024-08-20,10.289999961853027,39.90470504760742,41.7599983215332,10.289999961853027,40.119998931884766,41.7599983215332,10.449999809265137,40.54999923706055,42.40999984741211,10.210000038146973,40.060001373291016,41.529998779296875,10.3100004196167,40.5,42.31999969482422,23537400,4108400,4292000
2024-08-21,10.399999618530273,39.96438217163086,41.9900016784668,10.399999618530273,40.18000030517578,41.9900016784668,10.449999809265137,40.439998626708984,42.290000915527344,10.300000190734863,39.90999984741211,41.77000045776367,10.369999885559082,40.33000183105469,42.0,20233700,6508200,3824000
2024-08-22,10.140000343322754,39.924598693847656,41.439998626708984,10.140000343322754,40.13999938964844,41.439998626708984,10.539999961853027,40.7400016784668,42.66999816894531,10.130000114440918,40.06999969482422,41.380001068115234,10.40999984741211,40.25,42.20000076293945,25624700,4620900,5009700
2024-08-23,10.390000343322754,41.1579475402832,43.31999969482422,10.390000343322754,41.380001068115234,43.31999969482422,10.5,41.439998626708984,43.349998474121094,10.170000076293945,40.09000015258789,41.58000183105469,10.229999542236328,40.439998626708984,41.7400016784668,24640000,6033500,7150200
2024-08-26,10.210000038146973,40.76008987426758,42.779998779296875,10.210000038146973,40.97999954223633,42.779998779296875,10.449999809265137,41.95000076293945,43.65999984741211,10.199999809265137,40.810001373291016,42.7400016784668,10.430000305175781,41.619998931884766,43.45000076293945,21028300,6110900,3410900
2024-08-27,10.170000076293945,40.59100341796875,42.13999938964844,10.170000076293945,40.810001373291016,42.13999938964844,10.270000457763672,41.130001068115234,42.900001525878906,9.979999542236328,40.4900016784668,42.06999969482422,10.260000228881836,41.060001373291016,42.849998474121094,23303100,5348200,3849600
2024-08-28,10.149999618530273,40.213043212890625,41.33000183105469,10.149999618530273,40.43000030517578,41.33000183105469,10.210000038146973,40.939998626708984,42.18000030517578,10.039999961853027,40.13999938964844,40.959999084472656,10.170000076293945,40.779998779296875,42.04999923706055,20533800,7586900,6637000
2024-08-29,10.390000343322754,41.336978912353516,42.63999938964844,10.390000343322754,41.560001373291016,42.63999938964844,10.510000228881836,41.880001068115234,43.2400016784668,10.210000038146973,40.63999938964844,41.630001068115234,10.239999771118164,40.650001525878906,41.630001068115234,22240100,8824200,6369400
2024-08-30,10.619999885559082,42.26198959350586,44.040000915527344,10.619999885559082,42.4900016784668,44.040000915527344,10.890000343322754,42.61000061035156,44.15999984741211,10.479999542236328,41.810001373291016,42.869998931884766,10.489999771118164,41.90999984741211,43.18000030517578,26521400,8652000,6621200
2024-09-03,10.600000381469727,42.14263153076172,43.869998931884766,10.600000381469727,42.369998931884766,43.869998931884766,10.739999771118164,42.7400016784668,44.150001525878906,10.5,42.04999923706055,43.52000045776367,10.520000457763672,42.099998474121094,43.630001068115234,23374800,7690200,5853500
2024-09-04,10.630000114440918,42.14263153076172,44.16999816894531,10.630000114440918,42.369998931884766,44.16999816894531,10.779999732971191,42.869998931884766,44.41999816894531,10.5,42.15999984741211,43.79999923706055,10.529999732971191,42.279998779296875,43.79999923706055,22113000,7096300,4078500
2024-09-05,10.800000190734863,41.943702697753906,45.119998931884766,10.800000190734863,42.16999816894531,45.119998931884766,11.15999984741211,43.88999938964844,46.5099983215332,10.75,42.06999969482422,44.56999969482422,10.84000015258789,42.81999969482422,44.599998474121094,38467300,18941400,9230900
2024-09-06,10.800000190734863,41.8044548034668,46.0099983215332,10.800000190734863,42.029998779296875,46.0099983215332,11.100000381469727,43.040000915527344,46.189998626708984,10.699999809265137,41.47999954223633,44.849998474121094,10.779999732971191,42.13999938964844,44.97999954223633,27842800,8498200,7922000
2024-09-09,11.220000267028809,43.44560241699219,48.75,11.220000267028809,43.68000030517578,48.75,11.229999542236328,44.06999969482422,48.97999954223633,10.850000381469727,42.560001373291016,46.58000183105469,10.850000381469727,42.560001373291016,46.66999816894531,44496200,12176000,9955600
2024-09-10,10.989999771118164,43.1671028137207,48.41999816894531,10.989999771118164,43.400001525878906,48.41999816894531,11.25,44.0,49.040000915527344,10.869999885559082,42.790000915527344,47.0099983215332,11.210000038146973,43.91999816894531,49.0,31767700,7184800,6060700
2024-09-11,10.770000457763672,44.04237747192383,48.470001220703125,10.770000457763672,44.279998779296875,48.470001220703125,11.010000228881836,44.34000015258789,48.619998931884766,10.489999771118164,43.029998779296875,47.52000045776367,10.949999809265137,43.5099983215332,48.41999816894531,40526800,6984900,5569600
2024-09-12,10.880000114440918,44.03243637084961,49.650001525878906,10.880000114440918,44.27000045776367,49.650001525878906,11.140000343322754,46.54999923706055,50.79999923706055,10.430000305175781,42.86000061035156,47.459999084472656,11.029999732971191,46.279998779296875,49.779998779296875,37878400,13658300,10378000
2024-09-13,10.6899995803833,44.93755340576172,50.220001220703125,10.6899995803833,45.18000030517578,50.220001220703125,11.180000305175781,45.66999816894531,51.2400016784668,10.609999656677246,44.849998474121094,49.88999938964844,10.979999542236328,44.91999816894531,50.099998474121094,36956000,9391400,9699900
2024-09-16,10.8100004196167,45.07680130004883,51.34000015258789,10.8100004196167,45.31999969482422,51.34000015258789,10.869999885559082,45.900001525878906,51.439998626708984,10.619999885559082,45.060001373291016,50.310001373291016,10.649999618530273,45.060001373291016,50.380001068115234,31026800,7171400,5642000
2024-09-17,11.170000076293945,46.42950439453125,52.63999938964844,11.170000076293945,46.68000030517578,52.63999938964844,11.260000228881836,47.43000030517578,53.75,10.949999809265137,45.810001373291016,51.900001525878906,10.989999771118164,45.959999084472656,52.0,38180000,8579600,8701200
2024-09-18,11.029999732971191,46.668212890625,52.959999084472656,11.029999732971191,46.91999816894531,52.959999084472656,11.289999961853027,47.970001220703125,54.43000030517578,10.920000076293945,46.45000076293945,52.59000015258789,11.239999771118164,46.810001373291016,52.7400016784668,37396500,7584000,7461700
2024-09-19,11.109999656677246,46.8770866394043,52.59000015258789,11.109999656677246,47.130001068115234,52.59000015258789,11.390000343322754,47.79999923706055,54.2400016784668,11.0600004196167,46.869998931884766,52.34000015258789,11.319999694824219,47.689998626708984,54.060001373291016,34544400,6676800,6547200
2024-09-20,11.010000228881836,46.688106536865234,52.16999816894531,11.010000228881836,46.939998626708984,52.16999816894531,11.119999885559082,47.15999984741211,52.900001525878906,10.880000114440918,46.52000045776367,51.939998626708984,11.069999694824219,47.060001373291016,52.47999954223633,165832100,9728200,6514200
2024-09-23,10.979999542236328,46.906925201416016,52.36000061035156,10.979999542236328,47.15999984741211,52.36000061035156,11.029999732971191,47.43000030517578,52.540000915527344,10.760000228881836,46.5,51.439998626708984,11.0,46.869998931884766,52.16999816894531,30785100,5449600,4181300
2024-09-24,11.039999961853027,47.54349136352539,53.630001068115234,11.039999961853027,47.79999923706055,53.630001068115234,11.1899995803833,47.88999938964844,53.650001525878906,10.920000076293945,46.869998931884766,52.130001068115234,11.020000457763672,47.369998931884766,52.43000030517578,29446500,6652700,4546500
2024-09-25,11.0,48.48839569091797,54.11000061035156,11.0,48.75,54.11000061035156,11.180000305175781,49.189998626708984,55.13999938964844,10.970000267028809,47.959999084472656,53.58000183105469,11.0600004196167,47.97999954223633,53.58000183105469,29157100,9203400,7416200
2024-09-26,11.789999961853027,51.53197479248047,58.849998474121094,11.789999961853027,51.810001373291016,58.849998474121094,11.979999542236328,51.9900016784668,59.380001068115234,11.350000381469727,49.65999984741211,55.4900016784668,11.359999656677246,50.0,55.58000183105469,62353500,17920400,17688200
2024-09-27,11.5600004196167,51.263423919677734,57.9900016784668,11.5600004196167,51.540000915527344,57.9900016784668,11.859999656677246,52.45000076293945,60.22999954223633,11.5600004196167,51.209999084472656,57.95000076293945,11.819999694824219,52.02000045776367,58.97999954223633,30783800,10931300,9393400
2024-09-30,11.239999771118164,50.51744842529297,57.060001373291016,11.239999771118164,50.790000915527344,57.060001373291016,11.579999923706055,51.61000061035156,58.38999938964844,11.199999809265137,50.27000045776367,56.709999084472656,11.470000267028809,51.459999084472656,57.75,26661600,8083200,5288900
2024-10-01,10.899999618530273,49.69190216064453,56.130001068115234,10.899999618530273,49.959999084472656,56.130001068115234,11.329999923706055,50.97999954223633,56.95000076293945,10.819999694824219,49.08000183105469,54.72999954223633,11.270000457763672,50.79999923706055,56.869998931884766,42847400,10546000,10449500
2024-10-02,10.739999771118164,48.14027404785156,55.7400016784668,10.739999771118164,48.400001525878906,55.7400016784668,10.859999656677246,49.380001068115234,56.04999923706055,10.609999656677246,48.20000076293945,54.63999938964844,10.729999542236328,49.380001068115234,55.349998474121094,28779600,8142000,5372900
2024-10-03,10.819999694824219,47.205318450927734,55.619998931884766,10.819999694824219,47.459999084472656,55.619998931884766,10.9399995803833,48.5,56.209999084472656,10.569999694824219,46.900001525878906,54.93000030517578,10.6899995803833,48.41999816894531,55.599998474121094,32925600,9561800,6866800
2024-10-04,11.510000228881836,49.01554870605469,59.220001220703125,11.510000228881836,49.279998779296875,59.220001220703125,11.970000267028809,49.650001525878906,59.439998626708984,11.289999961853027,48.349998474121094,57.369998931884766,11.359999656677246,49.06999969482422,57.939998626708984,53708000,8574400,11169300
2024-10-07,11.529999732971191,49.204532623291016,59.18000030517578,11.529999732971191,49.470001220703125,59.18000030517578,11.680000305175781,49.68000030517578,60.380001068115234,11.369999885559082,48.90999984741211,58.540000915527344,11.550000190734863,49.06999969482422,59.0,27611000,7103400,7501900
2024-10-08,11.920000076293945,50.348358154296875,60.0099983215332,11.920000076293945,50.619998931884766,60.0099983215332,12.119999885559082,51.20000076293945,61.619998931884766,11.630000114440918,49.900001525878906,59.529998779296875,11.649999618530273,49.93000030517578,59.68000030517578,44740000,8425800,7092800
2024-10-09,11.930000305175781,50.70642852783203,59.43000030517578,11.930000305175781,50.97999954223633,59.43000030517578,12.25,51.880001068115234,61.040000915527344,11.869999885559082,50.619998931884766,59.08000183105469,12.010000228881836,50.79999923706055,60.400001525878906,34210700,9670500,6537800
2024-10-10,11.760000228881836,50.16773986816406,60.2599983215332,11.760000228881836,50.290000915527344,60.2599983215332,12.0,51.5,60.63999938964844,11.649999618530273,49.290000915527344,58.38999938964844,11.770000457763672,50.5099983215332,58.43000030517578,26494600,16893700,6757100
2024-10-11,11.789999961853027,51.20521545410156,61.79999923706055,11.789999961853027,51.33000183105469,61.79999923706055,11.819999694824219,51.52000045776367,61.93000030517578,11.529999732971191,49.439998626708984,59.709999084472656,11.720000267028809,49.970001220703125,60.0,17698000,8037200,5656400
2024-10-14,11.869999885559082,53.050716400146484,63.529998779296875,11.869999885559082,53.18000030517578,63.529998779296875,11.949999809265137,53.369998931884766,63.810001373291016,11.699999809265137,51.06999969482422,62.060001373291016,11.850000381469727,51.349998474121094,62.33000183105469,20610500,9581400,8236000
2024-10-15,12.029999732971191,52.601806640625,64.05000305175781,12.029999732971191,52.72999954223633,64.05000305175781,12.470000267028809,54.290000915527344,65.0199966430664,12.0,52.54999923706055,63.5,12.119999885559082,53.84000015258789,64.18000030517578,36494700,9175400,12808000
2024-10-16,12.890000343322754,56.1731071472168,72.0199966430664,12.890000343322754,56.310001373291016,72.0199966430664,12.920000076293945,56.47999954223633,73.6500015258789,12.140000343322754,53.20000076293945,65.11000061035156,12.1899995803833,53.25,65.4000015258789,53137600,18957900,37212900
2024-10-17,12.8100004196167,55.12565612792969,73.33000183105469,12.8100004196167,55.2599983215332,73.33000183105469,12.970000267028809,56.04999923706055,74.55999755859375,12.670000076293945,55.060001373291016,71.58999633789062,12.869999885559082,55.5,72.0,30152400,8349900,14729800
2024-10-18,13.09000015258789,55.664344787597656,74.1500015258789,13.09000015258789,55.79999923706055,74.1500015258789,13.239999771118164,56.2400016784668,74.94999694824219,12.760000228881836,54.86000061035156,72.9000015258789,12.859999656677246,55.54999923706055,73.87000274658203,38307300,8222100,8399400
2024-10-21,12.970000267028809,54.96604537963867,74.0,12.970000267028809,55.099998474121094,74.0,13.100000381469727,55.209999084472656,74.97000122070312,12.779999732971191,54.45000076293945,72.56999969482422,12.979999542236328,54.68000030517578,73.25,27952600,6869400,8063800
2024-10-22,12.960000038146973,54.66677474975586,74.48999786376953,12.960000038146973,54.79999923706055,74.48999786376953,13.029999732971191,55.220001220703125,74.72000122070312,12.619999885559082,54.16999816894531,72.56999969482422,12.930000305175781,55.08000183105469,73.80000305175781,24163100,5701400,6626900
2024-10-23,12.829999923706055,54.51714324951172,73.44999694824219,12.829999923706055,54.650001525878906,73.44999694824219,13.039999961853027,55.09000015258789,74.44000244140625,12.65999984741211,54.2400016784668,72.88999938964844,12.850000381469727,54.38999938964844,73.87000274658203,30252700,6624000,5074500
2024-10-24,12.779999732971191,54.63684844970703,74.51000213623047,12.779999732971191,54.77000045776367,74.51000213623047,13.630000114440918,55.7599983215332,75.41000366210938,12.420000076293945,54.119998931884766,72.91999816894531,13.180000305175781,55.279998779296875,74.41999816894531,65532900,5724600,5887500
2024-10-25,13.149999618530273,53.988426208496094,74.63999938964844,13.149999618530273,54.119998931884766,74.63999938964844,13.4399995803833,55.27000045776367,76.08000183105469,12.75,53.869998931884766,73.94000244140625,12.9399995803833,55.0,74.9000015258789,44350800,5982900,7836400
2024-10-28,13.600000381469727,55.245365142822266,76.08999633789062,13.600000381469727,55.380001068115234,76.08999633789062,13.850000381469727,56.63999938964844,77.94000244140625,13.5600004196167,55.36000061035156,76.06999969482422,13.65999984741211,55.5,76.58000183105469,37079200,10898800,7411900
2024-10-29,13.819999694824219,57.200599670410156,76.93000030517578,13.819999694824219,57.34000015258789,76.93000030517578,13.859999656677246,57.369998931884766,77.62000274658203,13.279999732971191,54.599998474121094,75.1500015258789,13.380000114440918,54.70000076293945,75.38999938964844,28711500,9524100,5086400
2024-10-30,13.9399995803833,58.31787872314453,80.41999816894531,13.9399995803833,58.459999084472656,80.41999816894531,13.989999771118164,59.06999969482422,80.81999969482422,13.609999656677246,57.119998931884766,76.66999816894531,13.65999984741211,57.119998931884766,76.66999816894531,22463500,11089000,9568100
2024-10-31,13.399999618530273,57.080894470214844,78.26000213623047,13.399999618530273,57.220001220703125,78.26000213623047,13.890000343322754,59.09000015258789,81.05000305175781,13.380000114440918,57.099998474121094,78.12000274658203,13.789999961853027,58.29999923706055,79.69999694824219,26340900,7749400,6907500
2024-11-01,13.539999961853027,58.248046875,80.45999908447266,13.539999961853027,58.38999938964844,80.45999908447266,13.65999984741211,59.189998626708984,81.3499984741211,13.399999618530273,57.4900016784668,78.79000091552734,13.470000267028809,57.4900016784668,79.19000244140625,22838300,9588400,6762300
2024-11-04,12.989999771118164,56.75169372558594,77.25,12.989999771118164,56.88999938964844,77.25,13.5,58.119998931884766,80.29000091552734,12.960000038146973,56.810001373291016,77.13999938964844,13.5,57.81999969482422,79.87000274658203,25654100,7959800,6452200
2024-11-05,13.1899995803833,58.148292541503906,80.02999877929688,13.1899995803833,58.290000915527344,80.02999877929688,13.220000267028809,58.630001068115234,80.08999633789062,12.920000076293945,57.08000183105469,77.26000213623047,12.949999809265137,57.09000015258789,77.26000213623047,19112800,5390600,4601500
2024-11-06,14.0,62.168495178222656,87.58000183105469,14.0,62.31999969482422,87.58000183105469,14.170000076293945,62.65999984741211,87.83999633789062,13.800000190734863,60.33000183105469,84.30000305175781,14.010000228881836,60.5,85.0,38602600,16683600,11592000
2024-11-07,13.619999885559082,60.28308868408203,85.43000030517578,13.619999885559082,60.43000030517578,85.43000030517578,14.0,62.470001220703125,87.83999633789062,13.600000381469727,60.40999984741211,85.36000061035156,13.9399995803833,61.650001525878906,86.58000183105469,19654600,7400000,5314500
2024-11-08,13.8100004196167,60.901580810546875,87.51000213623047,13.8100004196167,61.04999923706055,87.51000213623047,14.029999732971191,61.709999084472656,87.87000274658203,13.670000076293945,60.5,85.5999984741211,13.6899995803833,60.90999984741211,86.0,20259200,4646000,4604600
2024-11-11,14.15999984741211,63.405479431152344,89.43000030517578,14.15999984741211,63.560001373291016,89.43000030517578,14.15999984741211,63.84000015258789,89.5999984741211,13.890000343322754,60.83000183105469,87.33999633789062,13.949999809265137,61.08000183105469,87.86000061035156,22833300,8087400,5674900
2024-11-12,13.90999984741211,63.894290924072266,89.12999725341797,13.90999984741211,64.05000305175781,89.12999725341797,14.079999923706055,64.11000061035156,89.23999786376953,13.729999542236328,62.810001373291016,87.05999755859375,13.979999542236328,63.20000076293945,88.41000366210938,20437600,6598700,6054500
2024-11-13,14.010000228881836,64.30329132080078,89.77999877929688,14.010000228881836,64.45999908447266,89.77999877929688,14.550000190734863,65.73999786376953,92.27999877929688,13.970000267028809,64.01000213623047,89.13999938964844,14.050000190734863,64.26000213623047,90.06999969482422,30234700,8528900,8040800
2024-11-14,14.260000228881836,64.69234466552734,91.16000366210938,14.260000228881836,64.8499984741211,91.16000366210938,14.670000076293945,66.25,93.33000183105469,14.180000305175781,64.62000274658203,90.5999984741211,14.220000267028809,65.0199966430664,90.75,33149200,7311800,6063800
2024-11-15,14.390000343322754,63.91423797607422,91.16999816894531,14.390000343322754,64.06999969482422,91.16999816894531,14.399999618530273,65.83999633789062,92.70999908447266,14.050000190734863,63.86000061035156,90.55999755859375,14.220000267028809,65.44000244140625,92.25,22756500,9852600,4470000
2024-11-18,14.289999961853027,63.08625793457031,90.37999725341797,14.289999961853027,63.2400016784668,90.37999725341797,14.4399995803833,64.08000183105469,91.12000274658203,14.029999732971191,62.380001068115234,88.9000015258789,14.390000343322754,64.08000183105469,90.94999694824219,18771100,6632700,3952200
2024-11-19,14.329999923706055,64.59259033203125,94.26000213623047,14.329999923706055,64.75,94.26000213623047,14.399999618530273,65.16000366210938,95.19000244140625,13.84000015258789,61.290000915527344,88.5999984741211,13.930000305175781,61.689998626708984,88.87000274658203,25329900,9800400,6887700
2024-11-20,14.460000038146973,63.48528289794922,94.62999725341797,14.460000038146973,63.63999938964844,94.62999725341797,14.489999771118164,65.05000305175781,95.0,14.0,61.65999984741211,91.23999786376953,14.180000305175781,64.0999984741211,93.6500015258789,25407100,10922900,5298800
2024-11-21,14.199999809265137,63.18601608276367,94.4000015258789,14.199999809265137,63.34000015258789,94.4000015258789,14.579999923706055,65.05000305175781,95.98999786376953,14.180000305175781,63.290000915527344,93.70999908447266,14.470000267028809,64.69999694824219,95.0,20758600,9931500,6127000
2024-11-22,14.380000114440918,63.18601608276367,95.23999786376953,14.380000114440918,63.34000015258789,95.23999786376953,14.4399995803833,63.619998931884766,95.54000091552734,14.09000015258789,62.900001525878906,92.08000183105469,14.220000267028809,63.45000076293945,93.93000030517578,20237000,6625400,6529300
2024-11-25,14.920000076293945,64.33321380615234,96.83000183105469,14.920000076293945,64.48999786376953,96.83000183105469,15.130000114440918,65.18000030517578,98.0,14.5600004196167,63.970001220703125,96.13999938964844,14.649999618530273,64.33000183105469,97.22000122070312,31551800,7901300,5097500
2024-11-26,14.640000343322754,63.98406982421875,96.51000213623047,14.640000343322754,64.13999938964844,96.51000213623047,15.010000228881836,65.94000244140625,101.5999984741211,14.609999656677246,63.9900016784668,96.4800033569336,14.789999961853027,64.86000061035156,97.75,21625300,5499600,8317500
2024-11-27,14.640000343322754,63.46533203125,96.3499984741211,14.640000343322754,63.619998931884766,96.3499984741211,14.75,64.4000015258789,96.94999694824219,14.460000038146973,63.22999954223633,95.08000183105469,14.680000305175781,64.06999969482422,96.51000213623047,14433900,5557400,3145700
2024-11-29,14.520000457763672,63.66484832763672,96.83000183105469,14.520000457763672,63.81999969482422,96.83000183105469,14.739999771118164,64.08000183105469,97.43000030517578,14.5,63.560001373291016,96.13999938964844,14.680000305175781,63.650001525878906,96.36000061035156,9503500,3111400,1522900
2024-12-02,14.609999656677246,63.25584411621094,97.44000244140625,14.609999656677246,63.40999984741211,97.44000244140625,14.75,64.2300033569336,98.31999969482422,14.380000114440918,63.15999984741211,96.80999755859375,14.569999694824219,64.0,97.29000091552734,18780400,6299600,3468200
2024-12-03,14.470000267028809,62.417884826660156,95.79000091552734,14.470000267028809,62.56999969482422,95.79000091552734,14.75,63.529998779296875,98.02999877929688,14.4399995803833,62.06999969482422,95.63999938964844,14.59000015258789,63.40999984741211,97.3499984741211,16129000,5337600,3575900
2024-12-04,14.880000114440918,64.1037826538086,99.25,14.880000114440918,64.26000213623047,99.25,15.050000190734863,64.2699966430664,99.29000091552734,14.609999656677246,62.77000045776367,96.86000061035156,14.899999618530273,62.91999816894531,96.86000061035156,18414700,5301200,4413600
2024-12-05,17.3799991607666,65.61009979248047,102.44000244140625,17.3799991607666,65.7699966430664,102.44000244140625,17.799999237060547,67.5,105.08999633789062,15.960000038146973,65.3499984741211,100.87000274658203,16.010000228881836,66.63999938964844,101.33000183105469,110116900,9380100,7567600
2024-12-06,17.399999618530273,64.37312316894531,100.27999877929688,17.399999618530273,64.52999877929688,100.27999877929688,18.09000015258789,67.11000061035156,104.0,17.270000457763672,64.16999816894531,100.05000305175781,17.510000228881836,66.9800033569336,103.83999633789062,43091800,8635300,4292700
2024-12-09,17.15999984741211,62.108638763427734,96.0199966430664,17.15999984741211,62.2599983215332,96.0199966430664,17.520000457763672,64.86000061035156,100.88999938964844,17.010000228881836,62.20000076293945,95.37999725341797,17.520000457763672,64.47000122070312,100.23999786376953,29733000,6331700,5627000
2024-12-10,17.489999771118164,62.617401123046875,96.52999877929688,17.489999771118164,62.77000045776367,96.52999877929688,18.200000762939453,64.25,99.41999816894531,17.3700008392334,62.34000015258789,95.29000091552734,17.950000762939453,63.68000030517578,97.58000183105469,34174800,6552600,4124500
2024-12-11,17.579999923706055,63.3256721496582,98.95999908447266,17.579999923706055,63.47999954223633,98.95999908447266,17.739999771118164,63.97999954223633,100.25,17.40999984741211,62.66999816894531,97.19000244140625,17.610000610351562,62.97999954223633,97.19000244140625,20711800,7100300,5416000
2024-12-12,17.239999771118164,61.48017120361328,95.97000122070312,17.239999771118164,61.630001068115234,95.97000122070312,17.799999237060547,63.790000915527344,100.18000030517578,17.229999542236328,61.38999938964844,95.87000274658203,17.610000610351562,63.599998474121094,99.7699966430664,17692200,8166400,3349900
2024-12-13,16.920000076293945,61.37043762207031,95.11000061035156,16.920000076293945,61.52000045776367,95.11000061035156,17.309999465942383,62.290000915527344,96.66999816894531,16.809999465942383,60.939998626708984,94.91999816894531,17.280000686645508,62.290000915527344,96.12000274658203,20174300,5835600,4163900
2024-12-16,16.520000457763672,60.901580810546875,95.4800033569336,16.520000457763672,61.04999923706055,95.4800033569336,16.950000762939453,61.810001373291016,97.0999984741211,16.459999084472656,60.540000915527344,94.19999694824219,16.90999984741211,61.41999816894531,94.52999877929688,15741000,6105200,3775500
2024-12-17,16.719999313354492,60.662166595458984,94.98999786376953,16.719999313354492,60.810001373291016,94.98999786376953,16.739999771118164,61.290000915527344,95.33000183105469,16.219999313354492,60.45000076293945,93.6500015258789,16.450000762939453,60.84000015258789,94.97000122070312,23622000,5537800,3436200
2024-12-18,16.469999313354492,58.73685836791992,91.47000122070312,16.469999313354492,58.880001068115234,91.47000122070312,17.280000686645508,61.97999954223633,97.4800033569336,16.260000228881836,58.310001373291016,90.16999816894531,16.770000457763672,60.97999954223633,95.0999984741211,25019500,8171800,6252100
2024-12-19,16.639999389648438,60.233211517333984,95.55999755859375,16.639999389648438,60.380001068115234,95.55999755859375,16.799999237060547,60.61000061035156,96.18000030517578,16.479999542236328,58.869998931884766,92.7300033569336,16.649999618530273,59.689998626708984,92.75,17832700,9403300,6619500
2024-12-20,16.8799991607666,60.78187561035156,97.4000015258789,16.8799991607666,60.93000030517578,97.4000015258789,17.18000030517578,61.84000015258789,98.27999877929688,16.530000686645508,59.83000183105469,94.33999633789062,16.56999969482422,59.83000183105469,94.5199966430664,28664900,13918600,12239300
2024-12-23,17.25,61.37043762207031,99.4800033569336,17.25,61.52000045776367,99.4800033569336,17.270000457763672,61.560001373291016,99.55000305175781,16.8700008392334,59.88999938964844,96.25,16.8700008392334,60.599998474121094,97.5,15777200,7196400,4135400
2024-12-24,17.350000381469727,62.40791320800781,101.16000366210938,17.350000381469727,62.560001373291016,101.16000366210938,17.360000610351562,62.95000076293945,101.29000091552734,16.799999237060547,61.27000045776367,99.05999755859375,17.0,61.40999984741211,99.3499984741211,14234300,3218400,1968600
2024-12-26,17.350000381469727,62.2483024597168,100.87000274658203,17.350000381469727,62.400001525878906,100.87000274658203,17.389999389648438,62.849998474121094,101.27999877929688,17.049999237060547,61.709999084472656,99.94999694824219,17.06999969482422,62.0,100.1500015258789,10378900,4478100,2226900
2024-12-27,17.350000381469727,61.11106872558594,99.6500015258789,17.350000381469727,61.2599983215332,99.6500015258789,17.3799991607666,62.38999938964844,100.55000305175781,17.010000228881836,61.04999923706055,98.18000030517578,17.190000534057617,61.9900016784668,100.44000244140625,29500500,7175400,3156900
2024-12-30,17.6200008392334,60.572383880615234,98.20999908447266,17.6200008392334,60.720001220703125,98.20999908447266,17.729999542236328,61.18000030517578,98.97000122070312,17.149999618530273,59.36000061035156,95.30000305175781,17.270000457763672,60.16999816894531,98.30999755859375,20436400,5153300,3886400
2024-12-31,17.43000030517578,60.35292053222656,97.0999984741211,17.43000030517578,60.5,97.0999984741211,17.75,61.11000061035156,98.25,17.350000381469727,60.09000015258789,96.02999877929688,17.6299991607666,60.560001373291016,97.81999969482422,12704600,4326500,2816800
2025-01-02,17.0,58.926395416259766,95.43000030517578,17.0,59.06999969482422,95.43000030517578,17.6299991607666,60.77000045776367,97.91999816894531,16.829999923706055,58.599998474121094,94.44999694824219,17.399999618530273,60.27000045776367,97.29000091552734,19027500,8639300,3429200
2025-01-03,16.969999313354492,58.856563568115234,95.66999816894531,16.969999313354492,59.0,95.66999816894531,17.030000686645508,59.099998474121094,95.7300033569336,16.270000457763672,56.72999954223633,91.77999877929688,17.030000686645508,59.02000045776367,95.4000015258789,23807000,9207000,4154500
2025-01-06,17.520000457763672,59.894039154052734,98.56999969482422,17.520000457763672,60.040000915527344,98.56999969482422,17.940000534057617,60.95000076293945,101.30000305175781,17.3799991607666,59.61000061035156,96.37000274658203,17.639999389648438,60.29999923706055,96.94999694824219,31834600,9652900,7051000
2025-01-07,17.690000534057617,61.03126525878906,101.20999908447266,17.690000534057617,61.18000030517578,101.20999908447266,17.989999771118164,61.58000183105469,101.70999908447266,17.530000686645508,59.95000076293945,98.13999938964844,17.579999923706055,60.29999923706055,99.0,25491200,9074200,4995400
2025-01-08,17.600000381469727,61.27067947387695,103.72000122070312,17.600000381469727,61.41999816894531,103.72000122070312,17.719999313354492,61.86000061035156,103.9000015258789,17.079999923706055,59.88999938964844,99.4000015258789,17.530000686645508,60.95000076293945,100.01000213623047,23093600,9062400,5458200
2025-01-10,18.3799991607666,66.7872314453125,107.11000061035156,18.3799991607666,66.94999694824219,107.11000061035156,18.450000762939453,68.98999786376953,110.91999816894531,17.799999237060547,64.51000213623047,105.80000305175781,17.93000030517578,64.98999786376953,109.47000122070312,43954000,27227200,14330600
2025-01-13,17.600000381469727,64.94173431396484,104.70999908447266,17.600000381469727,65.0999984741211,104.70999908447266,17.979999542236328,66.41000366210938,105.12999725341797,17.31999969482422,63.33000183105469,102.18000030517578,17.920000076293945,66.30999755859375,104.4800033569336,28427200,12375500,5859000
2025-01-14,18.209999084472656,66.12884521484375,107.66999816894531,18.209999084472656,66.29000091552734,107.66999816894531,18.239999771118164,66.72000122070312,108.13999938964844,17.790000915527344,65.3499984741211,105.5999984741211,17.790000915527344,66.5,107.29000091552734,26175800,6989800,5973100
2025-01-15,18.06999969482422,65.34076690673828,104.95999908447266,18.06999969482422,65.5,104.95999908447266,18.559999465942383,67.27999877929688,110.1500015258789,17.969999313354492,65.11000061035156,104.80000305175781,18.540000915527344,67.12999725341797,109.1500015258789,20402000,8808600,4721200
2025-01-16,18.290000915527344,66.01911163330078,106.11000061035156,18.290000915527344,66.18000030517578,106.11000061035156,18.329999923706055,66.43000030517578,106.69999694824219,17.780000686645508,64.83999633789062,104.37999725341797,18.020000457763672,65.44000244140625,105.4000015258789,22031800,6427000,4381700
2025-01-17,18.270000457763672,65.65998840332031,107.37999725341797,18.270000457763672,65.81999969482422,107.37999725341797,18.56999969482422,67.0,108.47000122070312,18.15999984741211,65.63999938964844,106.0,18.549999237060547,66.69999694824219,107.0199966430664,20438500,5978000,5178000
2025-01-21,18.639999389648438,68.17385864257812,110.5199966430664,18.639999389648438,68.33999633789062,110.5199966430664,18.649999618530273,68.51000213623047,110.80000305175781,18.270000457763672,66.76000213623047,108.12999725341797,18.520000457763672,66.76000213623047,109.30000305175781,30731600,11875200,12720200
2025-01-22,18.65999984741211,67.61521911621094,107.97000122070312,18.65999984741211,67.77999877929688,107.97000122070312,19.100000381469727,69.9800033569336,116.0,18.3700008392334,67.19999694824219,107.0,19.09000015258789,69.7699966430664,115.8499984741211,58392400,11612600,16086400
2025-01-23,17.030000686645508,67.28601837158203,103.0,17.030000686645508,67.44999694824219,103.0,17.540000915527344,68.66000366210938,109.20999908447266,16.729999542236328,67.19000244140625,102.86000061035156,17.299999237060547,68.19000244140625,108.80000305175781,94892400,8116300,10416800
2025-01-24,16.959999084472656,67.01667785644531,105.0,16.959999084472656,67.18000030517578,105.0,17.34000015258789,67.94999694824219,107.94999694824219,16.549999237060547,66.69000244140625,102.2699966430664,16.850000381469727,67.37999725341797,102.80999755859375,37782500,5186700,8645800
2025-01-27,17.200000762939453,67.60523986816406,106.73999786376953,17.200000762939453,67.7699966430664,106.73999786376953,17.540000915527344,68.27999877929688,107.94999694824219,16.700000762939453,66.05000305175781,102.0,16.81999969482422,66.33000183105469,102.63999938964844,40498000,4157600,5934800
2025-01-28,17.149999618530273,67.48553466796875,106.33999633789062,17.149999618530273,67.6500015258789,106.33999633789062,17.469999313354492,67.72000122070312,106.72000122070312,16.950000762939453,66.2699966430664,104.33000183105469,17.079999923706055,67.62999725341797,105.83000183105469,29817400,5175900,4700100
2025-01-29,17.329999923706055,68.26364135742188,108.26000213623047,17.329999923706055,68.43000030517578,108.26000213623047,17.34000015258789,68.52999877929688,108.86000061035156,16.940000534057617,67.58000183105469,106.5199966430664,17.139999389648438,68.30999755859375,107.06999969482422,24719400,4841300,3873900
2025-01-30,16.899999618530273,68.4032974243164,109.4000015258789,16.899999618530273,68.56999969482422,109.4000015258789,17.229999542236328,69.0999984741211,109.7699966430664,16.799999237060547,67.80000305175781,106.52999877929688,16.93000030517578,68.0,107.0999984741211,42121200,6381000,4033800
2025-01-31,16.920000076293945,67.10646057128906,105.83999633789062,16.920000076293945,67.2699966430664,105.83999633789062,17.229999542236328,69.22000122070312,110.31999969482422,16.90999984741211,67.19999694824219,104.86000061035156,16.959999084472656,68.80999755859375,109.62999725341797,30197000,4491300,6136900
2025-02-03,16.700000762939453,66.3183822631836,104.83000183105469,16.700000762939453,66.4800033569336,104.83000183105469,16.81999969482422,67.05000305175781,106.30000305175781,16.219999313354492,64.97000122070312,101.31999969482422,16.389999389648438,65.13999938964844,101.95999908447266,32955700,5711800,4597100
2025-02-04,16.84000015258789,68.89210510253906,108.66999816894531,16.84000015258789,69.05999755859375,108.66999816894531,16.93000030517578,69.12000274658203,108.9000015258789,16.700000762939453,66.54000091552734,104.43000030517578,16.75,67.30000305175781,106.62000274658203,28810100,7789200,5948600
2025-02-05,16.959999084472656,68.89210510253906,107.81999969482422,16.959999084472656,69.05999755859375,107.81999969482422,17.219999313354492,69.44999694824219,109.0999984741211,16.510000228881836,68.0199966430664,106.54000091552734,16.850000381469727,68.69999694824219,108.38999938964844,27632200,5467300,2856000
2025-02-06,17.059999465942383,67.75487518310547,109.1500015258789,17.059999465942383,67.91999816894531,109.1500015258789,17.31999969482422,69.36000061035156,110.25,16.950000762939453,67.26000213623047,108.18000030517578,17.079999923706055,69.1500015258789,108.8499984741211,25501400,6000400,3431200
2025-02-07,17.170000076293945,67.9743423461914,109.0,17.170000076293945,68.13999938964844,109.0,17.399999618530273,68.75,110.06999969482422,17.020000457763672,67.47000122070312,108.4000015258789,17.06999969482422,68.19000244140625,109.55999755859375,22457800,5313900,3649500
2025-02-10,16.6200008392334,66.02909088134766,106.08000183105469,16.6200008392334,66.19000244140625,106.08000183105469,17.200000762939453,67.91000366210938,109.11000061035156,16.559999465942383,65.83999633789062,104.93000030517578,17.200000762939453,67.8499984741211,109.0999984741211,27672600,6825700,5292700
2025-02-11,16.40999984741211,64.59259033203125,103.30999755859375,16.40999984741211,64.75,103.30999755859375,16.559999465942383,65.9000015258789,105.75,16.1299991607666,64.08000183105469,102.0999984741211,16.43000030517578,65.66000366210938,105.75,29009400,7899000,7287700
2025-02-12,16.260000228881836,66.16874694824219,104.18000030517578,16.260000228881836,66.33000183105469,104.18000030517578,16.600000381469727,66.41999816894531,106.80999755859375,16.139999389648438,64.61000061035156,103.31999969482422,16.3799991607666,64.94000244140625,103.70999908447266,24573000,7642300,5840300
2025-02-13,15.739999771118164,63.90426254272461,100.88999938964844,15.739999771118164,64.05999755859375,100.88999938964844,16.5,66.81999969482422,105.19999694824219,15.479999542236328,61.209999084472656,95.9800033569336,16.360000610351562,66.4800033569336,104.26000213623047,41583700,12609600,11303700
2025-02-14,15.970000267028809,65.23103332519531,104.26000213623047,15.970000267028809,65.38999938964844,104.26000213623047,15.979999542236328,65.52999877929688,104.58999633789062,15.640000343322754,63.900001525878906,100.58000183105469,15.84000015258789,64.3499984741211,101.4800033569336,29250900,6049800,5208400
2025-02-18,16.079999923706055,64.18357849121094,103.25,16.079999923706055,64.33999633789062,103.25,16.31999969482422,66.12999725341797,106.45999908447266,15.850000381469727,64.0199966430664,102.70999908447266,15.880000114440918,64.77999877929688,104.16000366210938,28428700,6876200,4774700
2025-02-19,16.0,64.88188171386719,106.51000213623047,16.0,65.04000091552734,106.51000213623047,16.149999618530273,65.9000015258789,108.81999969482422,15.800000190734863,63.81999969482422,102.37000274658203,16.0,63.95000076293945,102.52999877929688,24543500,7614200,6768400
2025-02-20,15.859999656677246,63.59501647949219,102.48999786376953,15.859999656677246,63.75,102.48999786376953,16.100000381469727,65.48999786376953,106.5,15.569999694824219,62.5099983215332,100.0199966430664,15.960000038146973,65.0999984741211,105.62999725341797,32618400,8671600,7012100
2025-02-21,15.229999542236328,59.85413360595703,95.88999938964844,15.229999542236328,60.0,95.88999938964844,16.06999969482422,64.30999755859375,103.87999725341797,15.09000015258789,59.619998931884766,95.36000061035156,15.930000305175781,63.95000076293945,103.0,55698700,12798800,10968400
2025-02-24,15.3100004196167,61.34051513671875,97.7699966430664,15.3100004196167,61.4900016784668,97.7699966430664,15.520000457763672,62.290000915527344,99.05000305175781,15.210000038146973,60.2400016784668,94.88999938964844,15.380000114440918,61.33000183105469,98.33999633789062,42730700,11226700,6555700
2025-02-25,15.130000114440918,61.6397819519043,96.58000183105469,15.130000114440918,61.790000915527344,96.58000183105469,15.369999885559082,62.220001220703125,98.31999969482422,14.800000190734863,59.81999969482422,93.75,15.369999885559082,61.54999923706055,97.94999694824219,48363100,9713100,7572100
2025-02-26,15.180000305175781,61.55000305175781,97.4000015258789,15.180000305175781,61.70000076293945,97.4000015258789,15.65999984741211,63.439998626708984,99.98999786376953,15.170000076293945,61.630001068115234,96.91999816894531,15.470000267028809,62.20000076293945,98.41000366210938,43181100,5474300,4763000
2025-02-27,14.529999732971191,59.75,92.16999816894531,14.529999732971191,59.75,92.16999816894531,15.149999618530273,62.11000061035156,97.80000305175781,14.210000038146973,59.43000030517578,91.58000183105469,15.119999885559082,61.86000061035156,97.0,56503100,7326200,8157300
